name,mean_var,max_var
thal vs str,0.845055323925674,0.658178032117417
thal vs mb,0.00236927700741528,0.120206304453977
str vs mb,0.00718274878971003,0.0582197897032038
