name,total_neurons,Effective_neurons,variances
thal vs str,0.580390292244797,0.117139049221579,0.695087284230979
thal vs mb,0.342770774061971,0.0676923249558982,0.00364098923892188
str vs mb,0.879241034154227,0.872515911329564,0.00794866697835757
